id;email_etudiant;sujet;rendu;commentaire
1;olympiabugg@supinfo.com;Aenean tincidunt erat eu augue mattis porttitor;false;Lorem ipsum dolor sit amet, consectetur adipiscing elit. Aenean in justo vitae enim suscipit dictum. Mauris in urna sit amet ante blandit euismod. Aenean luctus metus id felis elementum, id laoreet eros euismod. Morbi ullamcorper massa pellentesque, cursus enim eu, efficitur eros. Sed feugiat quam nec sollicitudin scelerisque. Sed vitae vehicula dolor, non sollicitudin turpis. Quisque cursus dolor ac lobortis ullamcorper. Pellentesque vel porta enim. Suspendisse at nunc nisi.
2;elysiawestphal@supinfo.com;Etiam suscipit tortor in libero mollis auctor;false;Phasellus posuere eleifend nisl at cursus. Nam molestie lacinia aliquet. Sed in leo et massa ultricies luctus tempus nec justo. Proin id justo consectetur, euismod risus sed, vehicula lorem. Vivamus id quam sem. Morbi diam dolor, bibendum sit amet ultrices nec, suscipit dignissim elit. Donec eget mi et nunc facilisis tempor quis sit amet ligula. Lorem ipsum dolor sit amet, consectetur adipiscing elit.
3;sidneymelbourne@supinfo.com;Aliquam quis lectus a turpis ultrices accumsan porttitor ac mauris;true;Donec tincidunt est in massa gravida, nec feugiat nunc tincidunt. In ac feugiat felis, a euismod tortor. Pellentesque eu sapien id sem vulputate venenatis sit amet id dolor. Curabitur posuere libero sed est pretium euismod. Vestibulum lobortis nec enim eu eleifend. Suspendisse sit amet mi eleifend, mollis est non, imperdiet purus. Nullam euismod, libero sit amet consequat porttitor, arcu justo porta turpis, at consequat erat sapien sed lorem. Nunc ultrices quam quis sem commodo posuere. Pellentesque cursus interdum dolor, nec faucibus enim hendrerit sit amet.
4;eolandeleijs@supinfo.com;In commodo augue ac tempus mollis;false;Aenean mattis neque non leo bibendum, in tincidunt sem sollicitudin. Donec ligula orci, hendrerit vel placerat feugiat, venenatis id justo. Pellentesque viverra dapibus lacus at cursus. Duis id aliquam ex. Donec in enim molestie, finibus nibh eget, ultrices risus. Vivamus tristique mi in mauris hendrerit, eu eleifend tortor congue. Phasellus pharetra est euismod, auctor augue eget, euismod risus. Aliquam in convallis massa. Phasellus vel mattis tortor. Vivamus vel nibh eget ex feugiat malesuada nec nec tortor. Ut nec maximus ipsum. Aliquam sit amet fermentum ligula. Nam semper orci quis dolor varius, et lobortis leo accumsan. Cras tristique elit ante, id sollicitudin ante ultrices a. Sed convallis id eros et vehicula.
5;marlonogbourne@supinfo.com;Sed ullamcorper erat id lacus rhoncus tristique;true;Pellentesque egestas, risus sit amet vehicula laoreet, nunc mi sagittis lacus, ut bibendum mauris massa in nibh. Cras eleifend mollis tellus sit amet suscipit. Mauris sodales eros arcu, vel semper elit suscipit ut. Nunc a libero fermentum, sodales sapien ut, laoreet est. Pellentesque fermentum euismod maximus. Praesent auctor augue nec bibendum interdum. Donec a eleifend mauris, vitae luctus ante. Nam nec purus odio. Integer in lorem non urna posuere scelerisque eu sed quam. Mauris congue nibh ac erat imperdiet tristique. Vestibulum ante ipsum primis in faucibus orci luctus et ultrices posuere cubilia curae; Proin ut est non dui varius tristique.
6;lolapaskin@supinfo.com;Duis posuere dolor nec nulla commodo, tempus tempus massa malesuada;true;Cras accumsan mauris enim, sit amet egestas leo laoreet a. Donec eros sapien, convallis sollicitudin nibh at, consectetur viverra orci. Nam at condimentum odio. Praesent lacus ex, placerat sit amet aliquet cursus, tempus a odio. Praesent nec diam mauris. Fusce ultricies urna vel sem molestie, vel iaculis ante suscipit. Integer eleifend sem neque, a pulvinar lorem consequat lacinia. Etiam bibendum feugiat pulvinar. Proin eleifend interdum est quis tristique. Donec ante ligula, laoreet quis vulputate sodales, vehicula vel leo. Fusce elementum volutpat elit et dignissim. Vivamus consectetur libero quis velit suscipit vehicula. Donec pulvinar lacus vel vulputate ultricies. Sed vitae fermentum quam, eu sodales mi.
7;jannelpierrepoint@supinfo.com;Vivamus consequat nunc dignissim hendrerit vulputate;true;Etiam egestas, mi in porta consequat, libero libero fermentum lorem, vitae rutrum nibh eros quis velit. Phasellus luctus urna tellus, pellentesque sagittis purus gravida et. Nulla eu nulla facilisis tellus mollis varius sed non erat. Morbi id sagittis purus, sit amet venenatis ante. Donec convallis eleifend mollis. Donec id ornare nisl. Aliquam euismod sed arcu facilisis tempus. Donec euismod sollicitudin porta. Praesent ultrices sapien quis odio consequat pellentesque. Vestibulum aliquet neque nec blandit accumsan. Vestibulum ultricies sagittis sapien at convallis. Quisque commodo ac ex non vulputate. Duis viverra turpis tempus arcu sodales commodo in vel justo. Quisque ac laoreet turpis.
8;alardglazer@supinfo.com;Vivamus in metus in urna cursus elementum;true;Orci varius natoque penatibus et magnis dis parturient montes, nascetur ridiculus mus. Pellentesque eget purus mauris. In vulputate, libero ut viverra sollicitudin, lacus mauris varius purus, vitae vestibulum tellus lectus sit amet elit. Etiam a diam velit. Quisque pretium justo ac fermentum egestas. Phasellus arcu augue, eleifend quis augue ut, convallis vulputate justo. Integer turpis augue, finibus quis massa quis, aliquam vestibulum quam. Nullam bibendum nisl et diam laoreet ornare. In hac habitasse platea dictumst. Aenean nec tempus dui. Vivamus auctor, eros id laoreet porta, metus nisl rhoncus nulla, quis sollicitudin ipsum felis pellentesque dui. Etiam tempor nulla ac aliquam molestie.
9;bradlystendell@supinfo.com;In quis augue eget purus convallis lobortis;false;Sed facilisis quam ut justo fermentum consectetur. Duis tellus ipsum, porta et pulvinar non, suscipit ut ante. Morbi molestie nisl lacinia, vehicula mauris non, porttitor mi. Proin id eleifend mauris, eget efficitur elit. Donec fringilla eu dui sed fringilla. Duis consequat vestibulum condimentum. Aenean vitae ex elit. Duis malesuada velit ex. Duis quis ex et mi accumsan sollicitudin. Curabitur eu leo nisi. Proin nunc ligula, aliquet non finibus ornare, blandit et massa. Duis euismod velit at mi tempor laoreet. Fusce et tincidunt ante, at pretium sem. In nec fringilla nisi. Pellentesque porta lacus ac orci lacinia ultricies. Nullam euismod viverra pellentesque.
